游戏服务器,服务器名称
冀京津小游戏23001,小游戏大厅_河北_北京_天津_001
冀京津小游戏23002,小游戏大厅_河北_北京_天津_001
冀京津小游戏23003,小游戏大厅_河北_北京_天津_001
冀京津小游戏23004,小游戏大厅_河北_北京_天津_001
冀京津小游戏23005,小游戏大厅_河北_北京_天津_002
冀京津小游戏23006,小游戏大厅_河北_北京_天津_002
冀京津小游戏23007,小游戏大厅_河北_北京_天津_002
冀京津小游戏23008,小游戏大厅_河北_北京_天津_002
冀京津小游戏23009,小游戏大厅_河北_北京_天津_003
冀京津小游戏23010,小游戏大厅_河北_北京_天津_003
冀京津小游戏23011,小游戏大厅_河北_北京_天津_003
冀京津小游戏23012,小游戏大厅_河北_北京_天津_003
冀京津小游戏23013,小游戏大厅_河北_北京_天津_004
冀京津小游戏23014,小游戏大厅_河北_北京_天津_004
冀京津小游戏23015,小游戏大厅_河北_北京_天津_004
冀京津小游戏23016,小游戏大厅_河北_北京_天津_004
冀京津小游戏23017,小游戏大厅_河北_北京_天津_005
冀京津小游戏23018,小游戏大厅_河北_北京_天津_005
冀京津小游戏23019,小游戏大厅_河北_北京_天津_005
冀京津小游戏23020,小游戏大厅_河北_北京_天津_005
豫小游戏24001,小游戏大厅_河南_001
豫小游戏24002,小游戏大厅_河南_001
豫小游戏24003,小游戏大厅_河南_001
豫小游戏24004,小游戏大厅_河南_001
豫小游戏24005,小游戏大厅_河南_002
豫小游戏24006,小游戏大厅_河南_002
豫小游戏24007,小游戏大厅_河南_002
豫小游戏24008,小游戏大厅_河南_002
豫小游戏24009,小游戏大厅_河南_003
豫小游戏24010,小游戏大厅_河南_003
豫小游戏24011,小游戏大厅_河南_003
豫小游戏24012,小游戏大厅_河南_003
